Id,Northing,Easting,Soil type,StuckInMud,VisibleSnow,Town,Area,Date,UploadDate,NSFW,Source,GeoSource,ExtraSource,EPSG
1,48.878869,38.218086,alluvial,FALSE,FALSE,Zolotarivka,Sjevjerodonetsk,Unknown,03-04-2023,TRUE,https://www.reddit.com/r/CombatFootage/comments/12akheb/a_terrible_finale_for_the_occupiers_the_return_of/,https://www.reddit.com/r/CombatFootage/comments/12akheb/comment/jeslpvr/?context=8&depth=9,,32637
2,47.86574,37.51822,chernozems,FALSE,FALSE,Novomykhailivka,Mariinka,March 2022,26-03-2023,TRUE,https://twitter.com/GloOouD/status/1639984364032327681,https://twitter.com/GeoConfirmed/status/1640054655085342727,https://t.me/military_u/14559,32637
3,48.0740243,37.6513649,chernozems,FALSE,FALSE,Pisky,Pisky,Unknown,31-03-2023,FALSE,https://www.reddit.com/r/CombatFootage/comments/127539r/tank_still_moving_while_brewing_up_in_a_field/,https://www.reddit.com/r/CombatFootage/comments/127539r/comment/jee14h1/,https://www.youtube.com/watch?v=sLuQeiiCJyI,32637
4,48.100294,37.663897,chernozems,FALSE,FALSE,Vodyane,Pisky,March 2022,30-03-2023,FALSE,https://www.reddit.com/r/CombatFootage/comments/126sg8r/javelin_operators_from_the_ukrainian_36th_marine/,https://mobile.twitter.com/Arvelleg1/status/1641486939109957632,https://mobile.twitter.com/bayraktar_1love/status/1641483181059715089,32637
5,48.484443,37.914959,chernozems,FALSE,FALSE,Bila Hora,Bakhmut,Unknown,01-04-2023,FALSE,https://twitter.com/cyber_boroshno/status/1642276399871401986,https://twitter.com/GeoConfirmed/status/1642287426482610179,,32637
6,50.611758,30.281933,lessive,FALSE,FALSE,Hostomel,Hostomel,March 2022,30-03-2022,FALSE,https://twitter.com/Arslon_Xudosi/status/1505478388361969666,https://twitter.com/GeoConfirmed/status/1505500785953624068,,32636
7,46.86372,32.34637,kastanozem,TRUE,FALSE,Novohryhorivka,Kherson,Unknown,29-04-2022,FALSE,https://twitter.com/666_mancer/status/1519993365517021185,https://twitter.com/GeoConfirmed/status/1520048900136124417,,32636
8,48.11858,37.79489,chernozems,FALSE,TRUE,Avdiivka,Avdiivka,Unknown,15-03-2022,FALSE,https://twitter.com/RALee85/status/1503753662811848706,https://twitter.com/GeoConfirmed/status/1504111833296379907,,32637
9,48.991934,37.161315,chernozems,TRUE,FALSE,Nova Dmytrivka,Izium,Unknown,30-04-2022,TRUE,https://twitter.com/Danspiun/status/1520393347285803009,https://twitter.com/GeoConfirmed/status/1520790400163852288,,32637
10,47.96259,37.53328,chernozems,FALSE,FALSE,Mariinka,Mariinka,Unknown,08-05-2022,FALSE,https://twitter.com/Blue_Sauron/status/1523251669848707074,https://twitter.com/GeoConfirmed/status/1532219100394622977,,32637
11,47.830519,36.792343,chernozems,FALSE,FALSE,Velyka Novosilka,Velyka Novosilka,Unknown,11-05-2022,FALSE,https://twitter.com/UAWeapons/status/1524460123204300801,https://twitter.com/GeoConfirmed/status/1524767072420511745,,32637
12,47.041597,32.603428,chernozems,FALSE,FALSE,Novopetrivka,Kherson,Unknown,15-05-2022,FALSE,https://www.facebook.com/watch/?v=1852974198245823,https://twitter.com/GeoConfirmed/status/1528116352178966528,,32636
13,48.912258,37.892333,alluvial,FALSE,FALSE,Lyman,Lyman,Unknown,22-05-2022,TRUE,https://twitter.com/666_mancer/status/1528469471479881736,https://twitter.com/GeoConfirmed/status/1528808415455330307,,32637
14,50.191504,36.317673,chernozems,FALSE,FALSE,Kharkiv,Kharkiv,Unknown,27-05-2022,FALSE,https://twitter.com/Blue_Sauron/status/1530094769078210560,https://geoconfirmed.org/ukraine/672e23cd-926b-4893-0a73-08dabc42150c,,32637
15,48.73809,38.29725,chernozems,FALSE,FALSE,Nyrkove,Vrubivka,Unknown,31-05-2022,FALSE,https://twitter.com/RALee85/status/1531547644664872962,https://twitter.com/GeoConfirmed/status/1532093185115267073,,32637
16,48.73809,38.29725,chernozems,FALSE,FALSE,Nyrkove,Vrubivka,May 2022,02-06-2022,FALSE,https://twitter.com/UAWeapons/status/1532468976000937984,https://twitter.com/GeoConfirmed/status/1533190208426020867,,32637
17,48.266513,37.788921,chernozems,FALSE,FALSE,Novobakhmutivka,New York,Unknown,01-06-2022,FALSE,https://twitter.com/kr007t/status/1531976192714317824,https://twitter.com/GeoConfirmed/status/1532000784572882945,https://t.me/voynareal/23940,32637
18,46.737125,32.177122,kastanozem,FALSE,FALSE,Pravdyne,Kherson,Unknown,19-06-2022,FALSE,https://twitter.com/EuromaidanPress/status/1538760991864922113,https://twitter.com/GeoConfirmed/status/1543276522550599681,https://t.me/The3rdForceUA/6729,32636
19,48.78693,38.4827,alluvial,FALSE,FALSE,Toshkivka,Sjevjerodonetsk,Unknown,21-06-2022,FALSE,https://twitter.com/200_zoka/status/1539211543765975040,https://twitter.com/GeoConfirmed/status/1539278403152519168,,32637
20,49.121683,37.020528,alluvial,FALSE,FALSE,Velyka Komyshuvakha,Izium,Unknown,27-06-2022,TRUE,https://twitter.com/antiputler_news/status/1541348686067896322,https://twitter.com/GeoConfirmed/status/1541445327273721857,,32637
21,48.8403,38.3263,alluvial,FALSE,FALSE,Topolivka,Sjevjerodonetsk,June 2022,30-06-2022,FALSE,https://twitter.com/Mr_Hornblower/status/1542567600684777478,https://twitter.com/GeoConfirmed/status/1542594550060965888,,32637
22,47.802474,37.236717,chernozems,FALSE,FALSE,Vuhledar,Vuhledar,Unknown,30-06-2022,FALSE,https://twitter.com/JulianRoepcke/status/1542440250580078592,https://twitter.com/GeoConfirmed/status/1544018121022914563,,32637
23,49.063453,37.055433,chernozems,FALSE,FALSE,Karnaukhivka,Izium,Unknown,05-07-2022,FALSE,https://twitter.com/Osinttechnical/status/1544114907226034181,https://twitter.com/GeoConfirmed/status/1544419081306210310,,32637
24,48.737945,38.297231,chernozems,FALSE,FALSE,Nyrkove,Vrubivka,Unknown,13-07-2022,FALSE,https://twitter.com/UAWeapons/status/1547270777887723524,https://twitter.com/GeoConfirmed/status/1552632614082715650,,32637
25,47.195986,33.067588,chernozems,FALSE,FALSE,Lozove,Kherson,Unknown,15-06-2022,FALSE,https://twitter.com/PetrenkoCaptain/status/1537058212175917057,https://twitter.com/GeoConfirmed/status/156142228268115968,,32636
26,49.640252,36.945612,chernozems,FALSE,FALSE,Ivanivka,Kherson,Unknown,11-08-2022,FALSE,https://twitter.com/PaulJawin/status/1557735723620478979,https://twitter.com/GeoConfirmed/status/1558875222555725825,,32636
27,48.754571,38.312084,chernozems,FALSE,FALSE,Nyrkove,Vrubivka,Unknown,11-08-2022,FALSE,https://twitter.com/UAWeapons/status/1557732021937455104,https://twitter.com/GeoConfirmed/status/1558867805654720518,,32637
28,47.707258,37.247051,chernozems,FALSE,FALSE,Yehorivka,Vuhledar,10-08-2022,10-08-2022,FALSE,https://twitter.com/PaulJawin/status/1557374421383381002,https://twitter.com/GeoConfirmed/status/1559221990225072133,,32637
29,48.702227,38.14662,chernozems,FALSE,FALSE,Yakovlivka,Soledar,15-08-2022,15-08-2022,TRUE,https://twitter.com/RALee85/status/1559268618864656388,https://twitter.com/GeoConfirmed/status/1561420945973198848,https://www.facebook.com/watch/?v=1168407413715787,32637
30,48.215444,37.753917,chernozems,FALSE,FALSE,Avdiivka,Donetsk,Unknown,15-08-2022,FALSE,https://twitter.com/UAWeapons/status/1559189995625275396,https://twitter.com/GeoConfirmed/status/1559215572381999107,,32637
31,48.878582,38.253611,alluvial,FALSE,FALSE,Zolotarivka,Sjevjerodonetsk,Unknown,17-08-2022,FALSE,https://twitter.com/PaulJawin/status/1559868108566925312,https://twitter.com/GeoConfirmed/status/1559909796308025346,,32637
32,48.659578,38.125294,chernozems,FALSE,FALSE,Soledar,Soledar,Unknown,17-08-2022,FALSE,https://twitter.com/TheHumanFund5/status/1559907837962338308,https://twitter.com/GeoConfirmed/status/1559979261477457928,,32637
33,50.242283,36.250152,chernozems,FALSE,FALSE,Dementiivka,Kharkiv,Unknown,18-08-2022,TRUE,https://twitter.com/PaulJawin/status/1560302173719875586,https://twitter.com/GeoConfirmed/status/1561135292630896641,https://www.facebook.com/130TRO/videos/1198271077629225/,32637
34,47.963,37.53423,chernozems,FALSE,FALSE,Mariinka,Mariinka,Unknown,20-08-2022,FALSE,https://twitter.com/PaulJawin/status/1560848627970498560,https://twitter.com/GeoConfirmed/status/1561138327163658242,,32637
35,47.80498,36.77156,chernozems,FALSE,FALSE,Storozheve,Velyka Novosilka,Unknown,21-08-2022,FALSE,https://twitter.com/PaulJawin/status/1561456606000435202,https://twitter.com/GeoConfirmed/status/1575187084515905536,,32637
36,48.049224,37.639418,chernozems,FALSE,FALSE,Nevel's'ke,Pisky,Unknown,23-08-2022,FALSE,https://twitter.com/Taurevanime/status/1561891671192866818,https://twitter.com/GeoConfirmed/status/1563446843706523648,,32637
37,47.170635,33.01561,chernozems,FALSE,FALSE,Blahodativka,Kherson,Unknown,22-08-2022,FALSE,https://twitter.com/UAWeapons/status/1561711928665378816,https://twitter.com/GeoConfirmed/status/1561776039017254912,,32636
38,46.699808,32.138427,kastanozem,FALSE,FALSE,Tavrijs´ke,Kherson,Unknown,25-08-2022,FALSE,https://twitter.com/markito0171/status/1562748279795814403,https://twitter.com/GeoConfirmed/status/1563626643847086080,,32636
39,47.730447,36.803053,chernozems,FALSE,FALSE,Staromaiors’ke,Velyka Novosilka,Unknown,02-09-2022,FALSE,https://twitter.com/Osinttechnical/status/1565541823879303168,https://twitter.com/GeoConfirmed/status/1566253055582113793,,32637
40,47.1411386,33.1466052,chernozems,FALSE,FALSE,Kostromka,Kherson,Unknown,05-09-2022,FALSE,https://twitter.com/UAWeapons/status/1566783630281740291,https://twitter.com/GeoConfirmed/status/1566937262813810689,,32636
41,46.861166,32.380026,kastanozem,FALSE,FALSE,Ternovi Pody,Kherson,Unknown,08-09-2022,FALSE,https://twitter.com/kr007t/status/1567964029901225984,https://twitter.com/GeoConfirmed/status/1567965681886597120,,32636
42,47.421569,33.599801,chernozems,FALSE,FALSE,Novovoznesens'ke,Kherson,Unknown,07-09-2022,FALSE,https://twitter.com/markito0171/status/1567464515314278400,https://twitter.com/GeoConfirmed/status/1567495944941305856,,32636
43,47.063724,32.676628,chernozems,FALSE,FALSE,Novopetrivka,Kherson,Unknown,10-09-2022,FALSE,https://twitter.com/TDF_UA/status/1568648571850821632,https://twitter.com/GeoConfirmed/status/1569450104008081412,,32636
44,48.071389,37.660556,chernozems,FALSE,FALSE,Pisky,Pisky,Unknown,11-09-2022,FALSE,https://twitter.com/RedIntelPanda/status/1568983960738320385,https://twitter.com/GeoConfirmed/status/1568986433792217089,,32637
45,46.777931,32.392769,kastanozem,TRUE,FALSE,Kyselivka,Kherson,Unknown,12-09-2022,FALSE,https://twitter.com/RALee85/status/1569261974692806656,https://twitter.com/GeoConfirmed/status/1569470091787665409,https://www.instagram.com/p/CiZqfhjg7hi/,32636
46,50.149743,36.539946,lessive,FALSE,FALSE,Male Vesele,Kharkiv,Unknown,16-09-2022,TRUE,https://twitter.com/200_zoka/status/1570687485474377734,https://twitter.com/GeoConfirmed/status/1570799397138763785,,32637
47,48.81109,38.2738,chernozems,FALSE,FALSE,Spirne,Vrubivka,18-09-2022,26-09-2022,TRUE,https://twitter.com/TelfordHistoric/status/1574466927199768576,https://twitter.com/GeoConfirmed/status/1574474966153715714,,32637
48,48.767831,38.313859,chernozems,FALSE,FALSE,Mykolaivka,Vrubivka,Unknown,19-09-2022,FALSE,https://twitter.com/Blue_Sauron/status/1571831783691362305,https://twitter.com/GeoConfirmed/status/1571884006593155072,,32637
49,48.682186,38.117756,chernozems,FALSE,FALSE,Soledar,Soledar,Unknown,28-09-2022,FALSE,https://twitter.com/Blue_Sauron/status/1575002482115485698,https://twitter.com/GeoConfirmed/status/1575137173443166208,,32637
50,48.799474,38.280472,chernozems,FALSE,FALSE,Spirne,Vrubivka,Unknown,05-10-2022,FALSE,https://twitter.com/PaulJawin/status/1577707625306902529,https://twitter.com/GeoConfirmed/status/1590108513837412353,https://www.facebook.com/watch/?v=2352258478277235,32637
51,48.061368,37.636289,chernozems,FALSE,FALSE,Pisky,Pisky,Unknown,05-10-2022,FALSE,https://twitter.com/chris__759/status/1577454886316572672,https://twitter.com/GeoConfirmed/status/1577779932004073472,,32637
52,48.826605,38.255477,chernozems,FALSE,FALSE,Spirne,Vrubivka,Unknown,08-10-2022,FALSE,https://twitter.com/GirkinGirkin/status/1578749651574214657,https://twitter.com/GeoConfirmed/status/1579084695098519552,,32637
53,49.52945,37.926839,chernozems,FALSE,FALSE,Novoselivs'ke,Svatove,Unknown,09-10-2022,TRUE,https://twitter.com/Blue_Sauron/status/1579078569917321216,https://twitter.com/GeoConfirmed/status/1579087747016294401,,32637
54,48.0792,37.6924,chernozems,FALSE,FALSE,Opytne,Pisky,Unknown,24-10-2022,TRUE,https://twitter.com/UAWeapons/status/1584614229805785088,https://twitter.com/GeoConfirmed/status/1584869777998114816,,32637
55,47.958022,37.511601,chernozems,FALSE,FALSE,Mariinka,Mariinka,Unknown,24-10-2022,FALSE,https://twitter.com/Blue_Sauron/status/1584464370905776131,https://twitter.com/GeoConfirmed/status/1584877095892574209,,32637
56,49.114367,38.098332,podzolic,FALSE,FALSE,Chervonopopivka,Lyman,Unknown,30-10-2022,FALSE,https://twitter.com/GirkinGirkin/status/1586742445743685636,https://twitter.com/GeoConfirmed/status/1586841623278886912,,32637
57,47.177352,33.543349,chernozems,FALSE,FALSE,Pyatykhatky,Kherson,Unknown,29-10-2022,TRUE,https://twitter.com/BarracudaVol1/status/1586125161966731264,https://twitter.com/GeoConfirmed/status/1586830510600425473,,32636
58,48.688926,38.189312,chernozems,FALSE,FALSE,Volodymyrivka,Soledar,Unknown,06-11-2022,FALSE,https://twitter.com/NOELreports/status/1589176532198559744,https://twitter.com/GeoConfirmed/status/1589207588134334464,,32637
59,47.76558,37.353844,chernozems,FALSE,FALSE,Vuhledar,Vuhledar,Unknown,07-11-2022,FALSE,https://twitter.com/UAWeapons/status/1589590305158107137,https://twitter.com/GeoConfirmed/status/1589633786383601666,,32637
60,46.861068,32.380224,kastanozem,FALSE,FALSE,Ternovi Pody,Kherson,Unknown,10-11-2022,FALSE,https://twitter.com/Osinttechnical/status/1590576786358009856,https://twitter.com/GeoConfirmed/status/1590870065733570560,,32636
61,47.175429,33.749388,chernozems,FALSE,FALSE,Dudchany,Kherson,Unknown,10-11-2022,TRUE,https://twitter.com/RALee85/status/1590731497023340547,https://twitter.com/GeoConfirmed/status/1590867684996288512,,32636
62,48.067898,37.64763,chernozems,FALSE,FALSE,Pisky,Pisky,Unknown,17-11-2022,FALSE,https://twitter.com/rybar_en/status/1593110795189379072,https://twitter.com/GeoConfirmed/status/1593614535029653504,https://rutube.ru/video/99aa2024682e42749f7f8eb865598a58/,32637
63,48.049778,37.599417,chernozems,FALSE,FALSE,Nevel's'ke,Pisky,Unknown,17-11-2022,FALSE,https://twitter.com/Blue_Sauron/status/1593273252796850176,https://twitter.com/GeoConfirmed/status/1593611970070167554,,32637
64,47.739121,37.191194,chernozems,TRUE,FALSE,Pavlivka,Vuhledar,Unknown,20-11-2022,TRUE,https://twitter.com/PaulJawin/status/1594343189892468737,https://twitter.com/GeoConfirmed/status/1594366399048462337,,32637
65,47.760041,37.37233,chernozems,FALSE,TRUE,Volodymyrivka,Vuhledar,Unknown,21-11-2022,FALSE,https://twitter.com/200_zoka/status/1594810924137074688,https://twitter.com/GeoConfirmed/status/1594857518618103808,,32637
66,48.203415,37.77588,chernozems,TRUE,FALSE,Novoselivka Druha,Avdiivka,Unknown,30-11-2022,TRUE,https://twitter.com/RALee85/status/1600937133887279104,https://twitter.com/GeoConfirmed/status/1601248696024563713,,32637
67,48.067856,37.64946,chernozems,FALSE,FALSE,Pisky,Pisky,November 2022,13-12-2022,FALSE,https://twitter.com/Militarylandnet/status/1602712791516954630,https://twitter.com/GeoConfirmed/status/1603387077038571521,,32637
68,48.682892,38.104674,chernozems,FALSE,FALSE,Soledar,Soledar,Unknown,01-02-2023,FALSE,https://twitter.com/SerDer_Daniels/status/1644094190375059458,https://twitter.com/blinzka/status/1644112523036180486/,,32637
69,49.116698,38.09326,podzolic,FALSE,FALSE,Chervonopopivka,Kremnina,Unknown,10-01-2023,FALSE,https://twitter.com/SerDer_Daniels/status/1612879027978571797,https://twitter.com/GeoConfirmed/status/1613591674533416982,,32637
70,48.785567,38.005981,chernozems,FALSE,TRUE,Fedorivka,Soledar,Unknown,11-01-2023,TRUE,https://twitter.com/UAWeapons/status/1613228964822061057,https://twitter.com/GeoConfirmed/status/1613584489384480768,,32637
71,47.812908,36.741873,chernozems,FALSE,TRUE,Neskuchne,Velyka Novosilka,Unknown,16-01-2023,FALSE,https://twitter.com/PaulJawin/status/1614979255120842752,https://twitter.com/GeoConfirmed/status/1615382855382597635,,32637
72,47.764006,37.334279,chernozems,FALSE,TRUE,Mykilske,Vuhledar,Unknown,08-02-2023,TRUE,https://twitter.com/NOELreports/status/1624694734072545283,https://twitter.com/Arvelleg1/status/1623458331078848513,,32637
73,48.105003,37.714378,chernozems,FALSE,TRUE,Opytne,Pisky,09-02-2023,24-02-2023,TRUE,https://twitter.com/PaulJawin/status/1628636038909374464,https://twitter.com/GeoConfirmed/status/1628926188839116802,,32637
74,47.73286,37.15704,chernozems,FALSE,TRUE,Shevchenko,Vuhledar,Unknown,15-02-2023,FALSE,https://twitter.com/markito0171/status/1625812823849721860,https://twitter.com/GeoConfirmed/status/1625913235562954756,,32637
75,49.47481,37.95139,chernozems,FALSE,TRUE,Kolomyichykha,Svatove,15-02-2023,17-02-2023,FALSE,https://twitter.com/PauliusZaleckas/status/1626647690200158208,https://twitter.com/PauliusZaleckas/status/1626647686995709957,https://t.me/obtf_kaskad/1694,32637
76,48.752872,38.197451,chernozems,FALSE,TRUE,Bilohorivka,Vrubivka,Unknown,17-02-2023,TRUE,https://t.me/ogshb8/53,https://twitter.com/EjShahid/status/1626625842645172224,,32637
77,48.5324,37.9044,chernozems,FALSE,FALSE,Klishchiivka,Bakhmut,Unknown,25-02-2023,FALSE,https://twitter.com/PaulJawin/status/1629470441285853187,https://twitter.com/PauliusZaleckas/status/1629897108772847618,https://www.youtube.com/watch?v=6l7vdinn5zs,32637
78,49.060902,38.009899,chernozems,FALSE,TRUE,Yampolivka,Kremnina,Unknown,26-02-2023,FALSE,https://t.me/rian_ru/195393,https://twitter.com/EjShahid/status/1629797071195627521,,32637
79,47.916843,37.4832,chernozems,FALSE,FALSE,Mariinka,Mariinka,Unknown,25-02-2023,TRUE,https://twitter.com/GloOouD/status/1629483965294817284,https://twitter.com/GeoConfirmed/status/1629603136087244804,,32637
80,47.765846,37.329069,chernozems,FALSE,TRUE,Mykil's'ke,Vuhledar,Unknown,25-02-2023,TRUE,https://twitter.com/PaulJawin/status/1629425398374170624,https://twitter.com/blinzka/status/1629432327708262400,,32637
81,48.113538,37.717063,chernozems,FALSE,TRUE,Avdiivka,Avdiivka,Unknown,26-02-2023,TRUE,https://twitter.com/SerDer_Daniels/status/1630655324884443138,https://twitter.com/klinger66/status/1630689478703456260,,32637
82,48.110168,37.68309,chernozems,FALSE,FALSE,Vodyane,Avdiivka,Unknown,02-03-2023,FALSE,https://twitter.com/auto_glam/status/1631346618896195591,https://twitter.com/Arvelleg1/status/1631349932299804684,,32637
83,48.881414,38.218526,alluvial,FALSE,FALSE,Verkhnyokamianske,Sjevjerodonetsk,Unknown,04-03-2023,TRUE,https://twitter.com/operativno_ZSU/status/1631971848043765765,https://twitter.com/EjShahid/status/1631972115959218179,,32637
84,48.55585,37.94112,chernozems,FALSE,TRUE,Ivanivske,Bakhmut,Unknown,07-03-2023,FALSE,https://twitter.com/SerDer_Daniels/status/1633171988234616832,https://twitter.com/PauliusZaleckas/status/1633850062227873794,,32637
85,48.073205,37.650291,chernozems,FALSE,FALSE,Pisky,Pisky,March 2023,04-04-2023,TRUE,https://twitter.com/GloOouD/status/1643258900618137601,https://twitter.com/cyber_boroshno/status/1643339745496383490,,32637
86,48.878595,38.216541,alluvial,FALSE,FALSE,Verkhnokamyanske,Sjevjerodonetsk,Unknown,14-03-2023,FALSE,https://www.youtube.com/watch?v=Pw9Cpi3_u4Q&t=1s,https://twitter.com/neonhandrail/status/1635865736228007936,,32637
87,49.229264,37.996537,chernozems,FALSE,FALSE,Makiivka,Svatove,Unknown,20-03-2023,FALSE,https://twitter.com/GirkinGirkin/status/1637679541186441216,https://twitter.com/auditor_ya/status/1637777829499658243,,32637
88,48.109525,37.659851,chernozems,FALSE,FALSE,Vodyane,Avdiivka,Unknown,19-03-2023,TRUE,https://twitter.com/GloOouD/status/1637471166637002755,https://twitter.com/neonhandrail/status/1637503710036361217,,32637
89,48.97615,38.15716,alluvial,FALSE,FALSE,Kremnina,Kremnina,Unknown,22-03-2023,FALSE,https://t.me/rusich_army/8138,https://twitter.com/PauliusZaleckas/status/1638497479241998337,,32637
90,48.098926,37.761747,chernozems,FALSE,FALSE,Avdiivka,Avdiivka,Unknown,25-03-2023,TRUE,https://twitter.com/GloOouD/status/1639675181751754753,https://twitter.com/GeoConfirmed/status/1639739184519733250,,32637
91,48.09115,37.75294,chernozems,FALSE,FALSE,Avdiivka,Avdiivka,Unknown,26-03-2023,FALSE,https://twitter.com/bayraktar_1love/status/1639912035017277441,https://twitter.com/GeoConfirmed/status/1639946792958656513,,32637
92,48.100294,37.663897,chernozems,FALSE,FALSE,Vodyane,Avdiivka,Unknown,30-03-2023,TRUE,https://twitter.com/bayraktar_1love/status/1641483181059715089,https://twitter.com/Arvelleg1/status/1641486939109957632,,32637
93,48.61308,37.93071,chernozems,FALSE,FALSE,Bakhmut,Bakhmut,Unknown,09-04-2023,FALSE,https://t.me/landforcesofukraine/8113,https://twitter.com/GeoConfirmed/status/1645001582168141825,,32637
94,55.680381,13.496576,Unknown,TRUE,FALSE,Sweden,Silvakra,Unknown,10-03-2023,FALSE,https://twitter.com/GabeZZOZZ/status/1634293521573183488,https://twitter.com/GeoConfirmed/status/1634881480974532611,,4976